Request Id,prefill_time_execution_plus_preemption,cdf
0_9,1.0189156532287598,0.1
0_8,1.0220763683319092,0.2
0_7,1.0323269367218018,0.3
0_1,1.0377812385559082,0.4
0_3,1.0421545505523682,0.5
0_6,1.0697612762451172,0.6
0_5,1.0815365314483643,0.7
0_4,1.0890889167785645,0.8
0_2,1.6552660465240479,0.9
0_0,1.662306308746338,1.0
