Request Id,prefill_time_execution_plus_preemption_normalized,cdf
0_6,0.002930852811630458,0.1
0_9,0.003115950009873883,0.2
0_5,0.0032381333276897133,0.3
0_7,0.0032463111217666723,0.4
0_8,0.003275885795935606,0.5
0_4,0.003300269444783529,0.6
0_3,0.0033189635367909813,0.7
0_1,0.0033262219184484235,0.8
0_2,0.005188921775937454,0.9
0_0,0.005379632067140252,1.0
