Request Id,request_execution_plus_preemption_time,cdf
0_3,17.541878700256348,0.1
0_1,17.673476934432983,0.2
0_4,18.044789791107178,0.3
0_7,18.305571794509888,0.4
0_5,18.66641879081726,0.5
0_8,18.918083429336548,0.6
0_9,19.212734937667847,0.7
0_6,19.556301593780518,0.8
0_2,20.307757139205933,0.9
0_0,20.593366861343384,1.0
