Request Id,request_preemption_time,cdf
0_3,0.20000100135803223,0.1
0_1,0.20621371269226074,0.2
0_4,0.2133026123046875,0.3
0_7,0.21832656860351562,0.4
0_5,0.22447729110717773,0.5
0_8,0.228729248046875,0.6
0_9,0.2336876392364502,0.7
0_6,0.23907136917114258,0.8
0_2,0.2435016632080078,0.9
0_0,0.25153398513793945,1.0
