Request Id,request_execution_time,cdf
0_3,17.341877698898315,0.1
0_1,17.467263221740723,0.2
0_4,17.83148717880249,0.3
0_7,18.087245225906372,0.4
0_5,18.441941499710083,0.5
0_8,18.689354181289673,0.6
0_9,18.979047298431396,0.7
0_6,19.317230224609375,0.8
0_2,20.064255475997925,0.9
0_0,20.341832876205444,1.0
