Request Id,request_scheduling_delay,cdf
0_0,1728412770.708385,0.1
0_2,1728412771.2886467,0.2
0_6,1728412772.6209536,0.3
0_9,1728412773.3667862,0.4
0_8,1728412774.0685384,0.5
0_5,1728412774.773175,0.6
0_7,1728412775.529237,0.7
0_4,1728412776.2431843,0.8
0_1,1728412777.0107362,0.9
0_3,1728412777.720883,1.0
