Request Id,request_execution_plus_preemption_time_normalized,cdf
0_3,0.06852296367287636,0.1
0_1,0.06903701927512884,0.2
0_4,0.07048746012151241,0.3
0_7,0.07150613982230425,0.4
0_5,0.07291569840162992,0.5
0_8,0.07389876339584589,0.6
0_9,0.07504974585026503,0.7
0_6,0.07639180310070515,0.8
0_2,0.07932717632502317,0.9
0_0,0.08044283930212259,1.0
